{"cameraMode":{"drawMode":0,"name":"Shaded","section":"Shading Mode"},"sceneLighting":true,"audioPlay":false,"sceneViewState":{"showFog":true,"showMaterialUpdate":false,"showSkybox":true,"showFlares":true,"showImageEffects":true,"showParticleSystems":true},"in2DMode":false,"pivot":{"x":-1.361192226409912,"y":0.38020801544189455,"z":1.4093060493469239},"rotation":{"x":-0.09951003640890122,"y":0.8581926226615906,"z":-0.18184955418109895,"w":-0.4696120619773865},"size":10.0,"orthographic":false}