{"cameraMode":{"drawMode":0,"name":"Shaded","section":"Shading Mode"},"sceneLighting":true,"audioPlay":false,"sceneViewState":{"showFog":true,"showMaterialUpdate":false,"showSkybox":true,"showFlares":true,"showImageEffects":true,"showParticleSystems":true},"in2DMode":false,"pivot":{"x":-1.8975129127502442,"y":0.5845955610275269,"z":-0.6577939391136169},"rotation":{"x":-0.13741610944271089,"y":-0.04574823006987572,"z":0.006353513337671757,"w":-0.9894387125968933},"size":4.771738052368164,"orthographic":true}