{"cameraMode":{"drawMode":0,"name":"Shaded","section":"Shading Mode"},"sceneLighting":true,"audioPlay":false,"sceneViewState":{"showFog":true,"showMaterialUpdate":false,"showSkybox":true,"showFlares":true,"showImageEffects":true,"showParticleSystems":true},"in2DMode":false,"pivot":{"x":1.9554805755615235,"y":3.6830968856811525,"z":-6.297159194946289},"rotation":{"x":0.45938360691070559,"y":-0.0053338403813540939,"z":0.002758447779342532,"w":0.888219952583313},"size":9.172144889831543,"orthographic":false}