{"cameraMode":{"drawMode":0,"name":"Shaded","section":"Shading Mode"},"sceneLighting":false,"audioPlay":false,"sceneViewState":{"showFog":true,"showMaterialUpdate":false,"showSkybox":true,"showFlares":true,"showImageEffects":true,"showParticleSystems":true},"in2DMode":false,"pivot":{"x":-1.6341514587402344,"y":0.4840550422668457,"z":0.4032490849494934},"rotation":{"x":0.1049681082367897,"y":-0.6765087842941284,"z":0.09830304980278015,"w":0.7222738862037659},"size":5.103575706481934,"orthographic":false}