{"cameraMode":{"drawMode":0,"name":"Shaded","section":"Shading Mode"},"sceneLighting":false,"audioPlay":false,"sceneViewState":{"showFog":true,"showMaterialUpdate":false,"showSkybox":true,"showFlares":true,"showImageEffects":true,"showParticleSystems":true},"in2DMode":false,"pivot":{"x":-2.4365077018737795,"y":0.5630794167518616,"z":0.3443509638309479},"rotation":{"x":0.1548730880022049,"y":-0.5579544901847839,"z":0.10689900815486908,"w":0.8082683086395264},"size":15.341960906982422,"orthographic":false}