{"cameraMode":{"drawMode":0,"name":"Shaded","section":"Shading Mode"},"sceneLighting":true,"audioPlay":false,"sceneViewState":{"showFog":true,"showMaterialUpdate":false,"showSkybox":true,"showFlares":true,"showImageEffects":true,"showParticleSystems":true},"in2DMode":false,"pivot":{"x":1.0462394952774048,"y":0.6618127822875977,"z":-7.901760578155518},"rotation":{"x":-0.31296050548553469,"y":0.004841644782572985,"z":-0.0015922345919534565,"w":-0.9497617483139038},"size":8.781635284423829,"orthographic":false}