{"cameraMode":{"drawMode":0,"name":"Shaded","section":"Shading Mode"},"sceneLighting":false,"audioPlay":false,"sceneViewState":{"showFog":true,"showMaterialUpdate":false,"showSkybox":false,"showFlares":true,"showImageEffects":true,"showParticleSystems":true},"in2DMode":false,"pivot":{"x":-0.9300000071525574,"y":0.49000003933906557,"z":-7.28000020980835},"rotation":{"x":-0.3129647970199585,"y":-0.0008570319041609764,"z":0.0002860084059648216,"w":-0.9497765302658081},"size":2.2752685546875,"orthographic":false}